{"_runtime":1635,"epoch":10,"val_acc":0.9846153846153847,"train_loss":0.003270385029372468,"val_f1":0.9838262183519918,"_step":9,"_timestamp":1.7761656543804853e+09,"_wandb":{"runtime":1635},"val_loss":0.05043373433477759}