{"_step":3,"epoch":4,"_wandb":{"runtime":453},"_runtime":453,"val_loss":0.15109192528403723,"val_acc":0.8423076923076923,"val_f1":0.8499993427602058,"_timestamp":1.7761426033374329e+09}