{"val_loss":0.035783346902451774,"val_acc":0.9846153846153847,"val_f1":0.9848931296086287,"_timestamp":1.7761434624705987e+09,"_wandb":{"runtime":854},"_runtime":854,"_step":4,"epoch":5}