{"epoch":5,"val_loss":0.07866314711880197,"val_acc":0.9836538461538461,"_wandb":{"runtime":946},"_runtime":946,"val_f1":0.983041334457953,"_timestamp":1.7761415445780804e+09,"_step":4}