{
    "best_val_f1": 0.9831062634450273,
    "final_val_loss": 0.04744352461258917,
    "final_val_acc": 0.9836538461538461
}