{
    "test_loss": 0.11881144520060605,
    "test_acc": 0.9865642994241842,
    "test_f1": 0.986155593560391
}