{
    "best_val_f1": 0.983639069510427,
    "best_val_acc": 0.9836538461538461,
    "best_val_loss": 0.1296701239990119
}