{"_wandb":{"runtime":595},"_runtime":595,"val_loss":0.06220169917035561,"val_acc":0.8836538461538461,"val_f1":0.8919165571047527,"_timestamp":1.7761421444927237e+09,"_step":4,"epoch":5}