{"_step":4,"epoch":5,"_wandb":{"runtime":942},"_runtime":942,"val_loss":0.04423387259384686,"val_acc":0.9817307692307692,"val_f1":0.9817576029363555,"_timestamp":1.7761405940465345e+09}